<?xml version="1.0" encoding="UTF-8"?><?xml-stylesheet type='text/xsl' href='_UpgradeReport_Files/UpgradeReport.xslt'?><UpgradeLog>
<Properties><Property Name="Solution" Value="slnTBEWinService">
</Property><Property Name="Solution File" Value="C:\Documents and Settings\cm53392\Desktop\LBTR 20111222\slnLBTRWebServices_PS2006\slnTBEWinService.sln">
</Property><Property Name="User Options File" Value="C:\Documents and Settings\cm53392\Desktop\LBTR 20111222\slnLBTRWebServices_PS2006\slnTBEWinService.suo">
</Property><Property Name="Date" Value="Thursday, December 22, 2011">
</Property><Property Name="Time" Value="11:56 AM">
</Property></Properties><Event ErrorLevel="0" Project="" Source="slnTBEWinService.sln" Description="File successfully backed up as C:\Documents and Settings\cm53392\Desktop\LBTR 20111222\slnLBTRWebServices_PS2006\Backup\slnTBEWinService.sln">
</Event><Event ErrorLevel="0" Project="" Source="slnTBEWinService.suo" Description="File successfully backed up as C:\Documents and Settings\cm53392\Desktop\LBTR 20111222\slnLBTRWebServices_PS2006\Backup\slnTBEWinService.suo">
</Event><Event ErrorLevel="0" Project="TBEWinServ.Utilitarios" Source="TBEWinServ.Utilitarios\TBEWinServ.Utilitarios.csproj" Description="Project file successfully backed up as C:\Documents and Settings\cm53392\Desktop\LBTR 20111222\slnLBTRWebServices_PS2006\Backup\TBEWinServ.Utilitarios\TBEWinServ.Utilitarios.csproj">
</Event><Event ErrorLevel="0" Project="TBEWinServ.Utilitarios" Source="TBEWinServ.Utilitarios\TBEWinServ.Utilitarios.csproj.user" Description="Project user file successfully backed up as C:\Documents and Settings\cm53392\Desktop\LBTR 20111222\slnLBTRWebServices_PS2006\Backup\TBEWinServ.Utilitarios\TBEWinServ.Utilitarios.csproj.user">
</Event><Event ErrorLevel="0" Project="TBEWinServ.Utilitarios" Source="TBEWinServ.Utilitarios\LogWriter.cs" Description="File successfully backed up as C:\Documents and Settings\cm53392\Desktop\LBTR 20111222\slnLBTRWebServices_PS2006\Backup\TBEWinServ.Utilitarios\LogWriter.cs">
</Event><Event ErrorLevel="0" Project="TBEWinServ.Utilitarios" Source="TBEWinServ.Utilitarios\Mailing.cs" Description="File successfully backed up as C:\Documents and Settings\cm53392\Desktop\LBTR 20111222\slnLBTRWebServices_PS2006\Backup\TBEWinServ.Utilitarios\Mailing.cs">
</Event><Event ErrorLevel="0" Project="TBEWinServ.Utilitarios" Source="TBEWinServ.Utilitarios\Properties\AssemblyInfo.cs" Description="File successfully backed up as C:\Documents and Settings\cm53392\Desktop\LBTR 20111222\slnLBTRWebServices_PS2006\Backup\TBEWinServ.Utilitarios\Properties\AssemblyInfo.cs">
</Event><Event ErrorLevel="0" Project="TBEWinServ.Utilitarios" Source="TBEWinServ.Utilitarios\SoapExtensionReflectorCustomized.cs" Description="File successfully backed up as C:\Documents and Settings\cm53392\Desktop\LBTR 20111222\slnLBTRWebServices_PS2006\Backup\TBEWinServ.Utilitarios\SoapExtensionReflectorCustomized.cs">
</Event><Event ErrorLevel="0" Project="TBEWinServ.Utilitarios" Source="TBEWinServ.Utilitarios\Utilitario.cs" Description="File successfully backed up as C:\Documents and Settings\cm53392\Desktop\LBTR 20111222\slnLBTRWebServices_PS2006\Backup\TBEWinServ.Utilitarios\Utilitario.cs">
</Event><Event ErrorLevel="0" Project="TBEWinServ.Utilitarios" Source="TBEWinServ.Utilitarios\TBEWinServ.Utilitarios.csproj" Description="Project converted successfully">
</Event><Event ErrorLevel="3" Project="TBEWinServ.Utilitarios" Source="TBEWinServ.Utilitarios\TBEWinServ.Utilitarios.csproj" Description="Converted">
</Event><Event ErrorLevel="0" Project="TBEWinServ.Consola" Source="TBEWinServ.Consola\TBEWinServ.Consola.csproj" Description="Project file successfully backed up as C:\Documents and Settings\cm53392\Desktop\LBTR 20111222\slnLBTRWebServices_PS2006\Backup\TBEWinServ.Consola\TBEWinServ.Consola.csproj">
</Event><Event ErrorLevel="0" Project="TBEWinServ.Consola" Source="TBEWinServ.Consola\TBEWinServ.Consola.csproj.user" Description="Project user file successfully backed up as C:\Documents and Settings\cm53392\Desktop\LBTR 20111222\slnLBTRWebServices_PS2006\Backup\TBEWinServ.Consola\TBEWinServ.Consola.csproj.user">
</Event><Event ErrorLevel="0" Project="TBEWinServ.Consola" Source="TBEWinServ.Consola\FrmBase.cs" Description="File successfully backed up as C:\Documents and Settings\cm53392\Desktop\LBTR 20111222\slnLBTRWebServices_PS2006\Backup\TBEWinServ.Consola\FrmBase.cs">
</Event><Event ErrorLevel="0" Project="TBEWinServ.Consola" Source="TBEWinServ.Consola\frmConsola.cs" Description="File successfully backed up as C:\Documents and Settings\cm53392\Desktop\LBTR 20111222\slnLBTRWebServices_PS2006\Backup\TBEWinServ.Consola\frmConsola.cs">
</Event><Event ErrorLevel="0" Project="TBEWinServ.Consola" Source="TBEWinServ.Consola\frmConsola.Designer.cs" Description="File successfully backed up as C:\Documents and Settings\cm53392\Desktop\LBTR 20111222\slnLBTRWebServices_PS2006\Backup\TBEWinServ.Consola\frmConsola.Designer.cs">
</Event><Event ErrorLevel="0" Project="TBEWinServ.Consola" Source="TBEWinServ.Consola\Program.cs" Description="File successfully backed up as C:\Documents and Settings\cm53392\Desktop\LBTR 20111222\slnLBTRWebServices_PS2006\Backup\TBEWinServ.Consola\Program.cs">
</Event><Event ErrorLevel="0" Project="TBEWinServ.Consola" Source="TBEWinServ.Consola\Properties\AssemblyInfo.cs" Description="File successfully backed up as C:\Documents and Settings\cm53392\Desktop\LBTR 20111222\slnLBTRWebServices_PS2006\Backup\TBEWinServ.Consola\Properties\AssemblyInfo.cs">
</Event><Event ErrorLevel="0" Project="TBEWinServ.Consola" Source="TBEWinServ.Consola\Properties\Resources.Designer.cs" Description="File successfully backed up as C:\Documents and Settings\cm53392\Desktop\LBTR 20111222\slnLBTRWebServices_PS2006\Backup\TBEWinServ.Consola\Properties\Resources.Designer.cs">
</Event><Event ErrorLevel="0" Project="TBEWinServ.Consola" Source="TBEWinServ.Consola\Properties\Settings.Designer.cs" Description="File successfully backed up as C:\Documents and Settings\cm53392\Desktop\LBTR 20111222\slnLBTRWebServices_PS2006\Backup\TBEWinServ.Consola\Properties\Settings.Designer.cs">
</Event><Event ErrorLevel="0" Project="TBEWinServ.Consola" Source="TBEWinServ.Consola\resImagenes.Designer.cs" Description="File successfully backed up as C:\Documents and Settings\cm53392\Desktop\LBTR 20111222\slnLBTRWebServices_PS2006\Backup\TBEWinServ.Consola\resImagenes.Designer.cs">
</Event><Event ErrorLevel="0" Project="TBEWinServ.Consola" Source="TBEWinServ.Consola\SecurityGateway.cs" Description="File successfully backed up as C:\Documents and Settings\cm53392\Desktop\LBTR 20111222\slnLBTRWebServices_PS2006\Backup\TBEWinServ.Consola\SecurityGateway.cs">
</Event><Event ErrorLevel="0" Project="TBEWinServ.Consola" Source="TBEWinServ.Consola\Settings.cs" Description="File successfully backed up as C:\Documents and Settings\cm53392\Desktop\LBTR 20111222\slnLBTRWebServices_PS2006\Backup\TBEWinServ.Consola\Settings.cs">
</Event><Event ErrorLevel="0" Project="TBEWinServ.Consola" Source="TBEWinServ.Consola\Properties\Settings.settings" Description="File successfully backed up as C:\Documents and Settings\cm53392\Desktop\LBTR 20111222\slnLBTRWebServices_PS2006\Backup\TBEWinServ.Consola\Properties\Settings.settings">
</Event><Event ErrorLevel="0" Project="TBEWinServ.Consola" Source="TBEWinServ.Consola\App.config" Description="File successfully backed up as C:\Documents and Settings\cm53392\Desktop\LBTR 20111222\slnLBTRWebServices_PS2006\Backup\TBEWinServ.Consola\App.config">
</Event><Event ErrorLevel="0" Project="TBEWinServ.Consola" Source="TBEWinServ.Consola\Resources\Icono_ayuda.JPG" Description="File successfully backed up as C:\Documents and Settings\cm53392\Desktop\LBTR 20111222\slnLBTRWebServices_PS2006\Backup\TBEWinServ.Consola\Resources\Icono_ayuda.JPG">
</Event><Event ErrorLevel="0" Project="TBEWinServ.Consola" Source="TBEWinServ.Consola\Resources\png_salir.png" Description="File successfully backed up as C:\Documents and Settings\cm53392\Desktop\LBTR 20111222\slnLBTRWebServices_PS2006\Backup\TBEWinServ.Consola\Resources\png_salir.png">
</Event><Event ErrorLevel="0" Project="TBEWinServ.Consola" Source="TBEWinServ.Consola\Resources\icono_verde.ico" Description="File successfully backed up as C:\Documents and Settings\cm53392\Desktop\LBTR 20111222\slnLBTRWebServices_PS2006\Backup\TBEWinServ.Consola\Resources\icono_verde.ico">
</Event><Event ErrorLevel="0" Project="TBEWinServ.Consola" Source="TBEWinServ.Consola\Resources\icono_rojo.ico" Description="File successfully backed up as C:\Documents and Settings\cm53392\Desktop\LBTR 20111222\slnLBTRWebServices_PS2006\Backup\TBEWinServ.Consola\Resources\icono_rojo.ico">
</Event><Event ErrorLevel="0" Project="TBEWinServ.Consola" Source="TBEWinServ.Consola\Resources\icono_semaforo.ico" Description="File successfully backed up as C:\Documents and Settings\cm53392\Desktop\LBTR 20111222\slnLBTRWebServices_PS2006\Backup\TBEWinServ.Consola\Resources\icono_semaforo.ico">
</Event><Event ErrorLevel="0" Project="TBEWinServ.Consola" Source="TBEWinServ.Consola\Resources\png_estado_detenido.png" Description="File successfully backed up as C:\Documents and Settings\cm53392\Desktop\LBTR 20111222\slnLBTRWebServices_PS2006\Backup\TBEWinServ.Consola\Resources\png_estado_detenido.png">
</Event><Event ErrorLevel="0" Project="TBEWinServ.Consola" Source="TBEWinServ.Consola\Resources\png_estado_iniciado.png" Description="File successfully backed up as C:\Documents and Settings\cm53392\Desktop\LBTR 20111222\slnLBTRWebServices_PS2006\Backup\TBEWinServ.Consola\Resources\png_estado_iniciado.png">
</Event><Event ErrorLevel="0" Project="TBEWinServ.Consola" Source="TBEWinServ.Consola\Resources\png_panel.png" Description="File successfully backed up as C:\Documents and Settings\cm53392\Desktop\LBTR 20111222\slnLBTRWebServices_PS2006\Backup\TBEWinServ.Consola\Resources\png_panel.png">
</Event><Event ErrorLevel="0" Project="TBEWinServ.Consola" Source="TBEWinServ.Consola\Resources\png_play.png" Description="File successfully backed up as C:\Documents and Settings\cm53392\Desktop\LBTR 20111222\slnLBTRWebServices_PS2006\Backup\TBEWinServ.Consola\Resources\png_play.png">
</Event><Event ErrorLevel="0" Project="TBEWinServ.Consola" Source="TBEWinServ.Consola\Resources\png_rojo.png" Description="File successfully backed up as C:\Documents and Settings\cm53392\Desktop\LBTR 20111222\slnLBTRWebServices_PS2006\Backup\TBEWinServ.Consola\Resources\png_rojo.png">
</Event><Event ErrorLevel="0" Project="TBEWinServ.Consola" Source="TBEWinServ.Consola\Resources\png_servicio.png" Description="File successfully backed up as C:\Documents and Settings\cm53392\Desktop\LBTR 20111222\slnLBTRWebServices_PS2006\Backup\TBEWinServ.Consola\Resources\png_servicio.png">
</Event><Event ErrorLevel="0" Project="TBEWinServ.Consola" Source="TBEWinServ.Consola\Resources\png_stop.png" Description="File successfully backed up as C:\Documents and Settings\cm53392\Desktop\LBTR 20111222\slnLBTRWebServices_PS2006\Backup\TBEWinServ.Consola\Resources\png_stop.png">
</Event><Event ErrorLevel="0" Project="TBEWinServ.Consola" Source="TBEWinServ.Consola\Resources\png_tool.png" Description="File successfully backed up as C:\Documents and Settings\cm53392\Desktop\LBTR 20111222\slnLBTRWebServices_PS2006\Backup\TBEWinServ.Consola\Resources\png_tool.png">
</Event><Event ErrorLevel="0" Project="TBEWinServ.Consola" Source="TBEWinServ.Consola\Resources\png_verde.png" Description="File successfully backed up as C:\Documents and Settings\cm53392\Desktop\LBTR 20111222\slnLBTRWebServices_PS2006\Backup\TBEWinServ.Consola\Resources\png_verde.png">
</Event><Event ErrorLevel="0" Project="TBEWinServ.Consola" Source="TBEWinServ.Consola\sybdrvado115a.dll" Description="File successfully backed up as C:\Documents and Settings\cm53392\Desktop\LBTR 20111222\slnLBTRWebServices_PS2006\Backup\TBEWinServ.Consola\sybdrvado115a.dll">
</Event><Event ErrorLevel="0" Project="TBEWinServ.Consola" Source="TBEWinServ.Consola\frmConsola.resx" Description="File successfully backed up as C:\Documents and Settings\cm53392\Desktop\LBTR 20111222\slnLBTRWebServices_PS2006\Backup\TBEWinServ.Consola\frmConsola.resx">
</Event><Event ErrorLevel="0" Project="TBEWinServ.Consola" Source="TBEWinServ.Consola\Properties\Resources.resx" Description="File successfully backed up as C:\Documents and Settings\cm53392\Desktop\LBTR 20111222\slnLBTRWebServices_PS2006\Backup\TBEWinServ.Consola\Properties\Resources.resx">
</Event><Event ErrorLevel="0" Project="TBEWinServ.Consola" Source="TBEWinServ.Consola\resImagenes.resx" Description="File successfully backed up as C:\Documents and Settings\cm53392\Desktop\LBTR 20111222\slnLBTRWebServices_PS2006\Backup\TBEWinServ.Consola\resImagenes.resx">
</Event><Event ErrorLevel="0" Project="TBEWinServ.Consola" Source="TBEWinServ.Consola\TBEWinServ.Consola.csproj" Description="Project converted successfully">
</Event><Event ErrorLevel="3" Project="TBEWinServ.Consola" Source="TBEWinServ.Consola\TBEWinServ.Consola.csproj" Description="Converted">
</Event><Event ErrorLevel="0" Project="TBEWinServ.Servicio" Source="TBEWinServ.Servicio\TBEWinServ.Servicio.csproj" Description="Project file successfully backed up as C:\Documents and Settings\cm53392\Desktop\LBTR 20111222\slnLBTRWebServices_PS2006\Backup\TBEWinServ.Servicio\TBEWinServ.Servicio.csproj">
</Event><Event ErrorLevel="0" Project="TBEWinServ.Servicio" Source="TBEWinServ.Servicio\TBEWinServ.Servicio.csproj.user" Description="Project user file successfully backed up as C:\Documents and Settings\cm53392\Desktop\LBTR 20111222\slnLBTRWebServices_PS2006\Backup\TBEWinServ.Servicio\TBEWinServ.Servicio.csproj.user">
</Event><Event ErrorLevel="0" Project="TBEWinServ.Servicio" Source="TBEWinServ.Servicio\TBEWinServ.cs" Description="File successfully backed up as C:\Documents and Settings\cm53392\Desktop\LBTR 20111222\slnLBTRWebServices_PS2006\Backup\TBEWinServ.Servicio\TBEWinServ.cs">
</Event><Event ErrorLevel="0" Project="TBEWinServ.Servicio" Source="TBEWinServ.Servicio\TBEWinServ.Designer.cs" Description="File successfully backed up as C:\Documents and Settings\cm53392\Desktop\LBTR 20111222\slnLBTRWebServices_PS2006\Backup\TBEWinServ.Servicio\TBEWinServ.Designer.cs">
</Event><Event ErrorLevel="0" Project="TBEWinServ.Servicio" Source="TBEWinServ.Servicio\Program.cs" Description="File successfully backed up as C:\Documents and Settings\cm53392\Desktop\LBTR 20111222\slnLBTRWebServices_PS2006\Backup\TBEWinServ.Servicio\Program.cs">
</Event><Event ErrorLevel="0" Project="TBEWinServ.Servicio" Source="TBEWinServ.Servicio\ProjectInstaller.cs" Description="File successfully backed up as C:\Documents and Settings\cm53392\Desktop\LBTR 20111222\slnLBTRWebServices_PS2006\Backup\TBEWinServ.Servicio\ProjectInstaller.cs">
</Event><Event ErrorLevel="0" Project="TBEWinServ.Servicio" Source="TBEWinServ.Servicio\ProjectInstaller.Designer.cs" Description="File successfully backed up as C:\Documents and Settings\cm53392\Desktop\LBTR 20111222\slnLBTRWebServices_PS2006\Backup\TBEWinServ.Servicio\ProjectInstaller.Designer.cs">
</Event><Event ErrorLevel="0" Project="TBEWinServ.Servicio" Source="TBEWinServ.Servicio\Properties\AssemblyInfo.cs" Description="File successfully backed up as C:\Documents and Settings\cm53392\Desktop\LBTR 20111222\slnLBTRWebServices_PS2006\Backup\TBEWinServ.Servicio\Properties\AssemblyInfo.cs">
</Event><Event ErrorLevel="0" Project="TBEWinServ.Servicio" Source="TBEWinServ.Servicio\App.config" Description="File successfully backed up as C:\Documents and Settings\cm53392\Desktop\LBTR 20111222\slnLBTRWebServices_PS2006\Backup\TBEWinServ.Servicio\App.config">
</Event><Event ErrorLevel="0" Project="TBEWinServ.Servicio" Source="TBEWinServ.Servicio\Install.bat" Description="File successfully backed up as C:\Documents and Settings\cm53392\Desktop\LBTR 20111222\slnLBTRWebServices_PS2006\Backup\TBEWinServ.Servicio\Install.bat">
</Event><Event ErrorLevel="0" Project="TBEWinServ.Servicio" Source="TBEWinServ.Servicio\StartService.bat" Description="File successfully backed up as C:\Documents and Settings\cm53392\Desktop\LBTR 20111222\slnLBTRWebServices_PS2006\Backup\TBEWinServ.Servicio\StartService.bat">
</Event><Event ErrorLevel="0" Project="TBEWinServ.Servicio" Source="TBEWinServ.Servicio\StopService.bat" Description="File successfully backed up as C:\Documents and Settings\cm53392\Desktop\LBTR 20111222\slnLBTRWebServices_PS2006\Backup\TBEWinServ.Servicio\StopService.bat">
</Event><Event ErrorLevel="0" Project="TBEWinServ.Servicio" Source="TBEWinServ.Servicio\Uninstall.bat" Description="File successfully backed up as C:\Documents and Settings\cm53392\Desktop\LBTR 20111222\slnLBTRWebServices_PS2006\Backup\TBEWinServ.Servicio\Uninstall.bat">
</Event><Event ErrorLevel="0" Project="TBEWinServ.Servicio" Source="TBEWinServ.Servicio\ListaErroresAPISeg.xml" Description="File successfully backed up as C:\Documents and Settings\cm53392\Desktop\LBTR 20111222\slnLBTRWebServices_PS2006\Backup\TBEWinServ.Servicio\ListaErroresAPISeg.xml">
</Event><Event ErrorLevel="0" Project="TBEWinServ.Servicio" Source="TBEWinServ.Servicio\Servicios.xml" Description="File successfully backed up as C:\Documents and Settings\cm53392\Desktop\LBTR 20111222\slnLBTRWebServices_PS2006\Backup\TBEWinServ.Servicio\Servicios.xml">
</Event><Event ErrorLevel="0" Project="TBEWinServ.Servicio" Source="TBEWinServ.Servicio\Sybase.Data.AseClient.dll" Description="File successfully backed up as C:\Documents and Settings\cm53392\Desktop\LBTR 20111222\slnLBTRWebServices_PS2006\Backup\TBEWinServ.Servicio\Sybase.Data.AseClient.dll">
</Event><Event ErrorLevel="0" Project="TBEWinServ.Servicio" Source="TBEWinServ.Servicio\sybdrvado115a.dll" Description="File successfully backed up as C:\Documents and Settings\cm53392\Desktop\LBTR 20111222\slnLBTRWebServices_PS2006\Backup\TBEWinServ.Servicio\sybdrvado115a.dll">
</Event><Event ErrorLevel="0" Project="TBEWinServ.Servicio" Source="TBEWinServ.Servicio\TBEWinServ.resx" Description="File successfully backed up as C:\Documents and Settings\cm53392\Desktop\LBTR 20111222\slnLBTRWebServices_PS2006\Backup\TBEWinServ.Servicio\TBEWinServ.resx">
</Event><Event ErrorLevel="0" Project="TBEWinServ.Servicio" Source="TBEWinServ.Servicio\ProjectInstaller.resx" Description="File successfully backed up as C:\Documents and Settings\cm53392\Desktop\LBTR 20111222\slnLBTRWebServices_PS2006\Backup\TBEWinServ.Servicio\ProjectInstaller.resx">
</Event><Event ErrorLevel="0" Project="TBEWinServ.Servicio" Source="TBEWinServ.Servicio\TBEWinServ.Servicio.csproj" Description="Project converted successfully">
</Event><Event ErrorLevel="3" Project="TBEWinServ.Servicio" Source="TBEWinServ.Servicio\TBEWinServ.Servicio.csproj" Description="Converted">
</Event><Event ErrorLevel="0" Project="TBEWinServ.Componentes" Source="TBEWinServ.Componentes\TBEWinServ.Componentes.csproj" Description="Project file successfully backed up as C:\Documents and Settings\cm53392\Desktop\LBTR 20111222\slnLBTRWebServices_PS2006\Backup\TBEWinServ.Componentes\TBEWinServ.Componentes.csproj">
</Event><Event ErrorLevel="0" Project="TBEWinServ.Componentes" Source="TBEWinServ.Componentes\TBEWinServ.Componentes.csproj.user" Description="Project user file successfully backed up as C:\Documents and Settings\cm53392\Desktop\LBTR 20111222\slnLBTRWebServices_PS2006\Backup\TBEWinServ.Componentes\TBEWinServ.Componentes.csproj.user">
</Event><Event ErrorLevel="0" Project="TBEWinServ.Componentes" Source="TBEWinServ.Componentes\Properties\AssemblyInfo.cs" Description="File successfully backed up as C:\Documents and Settings\cm53392\Desktop\LBTR 20111222\slnLBTRWebServices_PS2006\Backup\TBEWinServ.Componentes\Properties\AssemblyInfo.cs">
</Event><Event ErrorLevel="0" Project="TBEWinServ.Componentes" Source="TBEWinServ.Componentes\Properties\Settings.Designer.cs" Description="File successfully backed up as C:\Documents and Settings\cm53392\Desktop\LBTR 20111222\slnLBTRWebServices_PS2006\Backup\TBEWinServ.Componentes\Properties\Settings.Designer.cs">
</Event><Event ErrorLevel="0" Project="TBEWinServ.Componentes" Source="TBEWinServ.Componentes\Web References\LBTRAnulacionesService\Reference.cs" Description="File successfully backed up as C:\Documents and Settings\cm53392\Desktop\LBTR 20111222\slnLBTRWebServices_PS2006\Backup\TBEWinServ.Componentes\Web References\LBTRAnulacionesService\Reference.cs">
</Event><Event ErrorLevel="0" Project="TBEWinServ.Componentes" Source="TBEWinServ.Componentes\Web References\LBTRAutenticacionService\Reference.cs" Description="File successfully backed up as C:\Documents and Settings\cm53392\Desktop\LBTR 20111222\slnLBTRWebServices_PS2006\Backup\TBEWinServ.Componentes\Web References\LBTRAutenticacionService\Reference.cs">
</Event><Event ErrorLevel="0" Project="TBEWinServ.Componentes" Source="TBEWinServ.Componentes\Web References\LBTRAvisoOperacionesService\Reference.cs" Description="File successfully backed up as C:\Documents and Settings\cm53392\Desktop\LBTR 20111222\slnLBTRWebServices_PS2006\Backup\TBEWinServ.Componentes\Web References\LBTRAvisoOperacionesService\Reference.cs">
</Event><Event ErrorLevel="0" Project="TBEWinServ.Componentes" Source="TBEWinServ.Componentes\Web References\LBTRConsultasService\Reference.cs" Description="File successfully backed up as C:\Documents and Settings\cm53392\Desktop\LBTR 20111222\slnLBTRWebServices_PS2006\Backup\TBEWinServ.Componentes\Web References\LBTRConsultasService\Reference.cs">
</Event><Event ErrorLevel="0" Project="TBEWinServ.Componentes" Source="TBEWinServ.Componentes\Web References\LBTRTransferenciaService\Reference.cs" Description="File successfully backed up as C:\Documents and Settings\cm53392\Desktop\LBTR 20111222\slnLBTRWebServices_PS2006\Backup\TBEWinServ.Componentes\Web References\LBTRTransferenciaService\Reference.cs">
</Event><Event ErrorLevel="0" Project="TBEWinServ.Componentes" Source="TBEWinServ.Componentes\Web References\PasswordSafeService\Reference.cs" Description="File successfully backed up as C:\Documents and Settings\cm53392\Desktop\LBTR 20111222\slnLBTRWebServices_PS2006\Backup\TBEWinServ.Componentes\Web References\PasswordSafeService\Reference.cs">
</Event><Event ErrorLevel="0" Project="TBEWinServ.Componentes" Source="TBEWinServ.Componentes\WS_LBTRAnulacionesService.cs" Description="File successfully backed up as C:\Documents and Settings\cm53392\Desktop\LBTR 20111222\slnLBTRWebServices_PS2006\Backup\TBEWinServ.Componentes\WS_LBTRAnulacionesService.cs">
</Event><Event ErrorLevel="0" Project="TBEWinServ.Componentes" Source="TBEWinServ.Componentes\WS_LBTRAutenticacionService.cs" Description="File successfully backed up as C:\Documents and Settings\cm53392\Desktop\LBTR 20111222\slnLBTRWebServices_PS2006\Backup\TBEWinServ.Componentes\WS_LBTRAutenticacionService.cs">
</Event><Event ErrorLevel="0" Project="TBEWinServ.Componentes" Source="TBEWinServ.Componentes\WS_LBTRAvisoOperacionesService.cs" Description="File successfully backed up as C:\Documents and Settings\cm53392\Desktop\LBTR 20111222\slnLBTRWebServices_PS2006\Backup\TBEWinServ.Componentes\WS_LBTRAvisoOperacionesService.cs">
</Event><Event ErrorLevel="0" Project="TBEWinServ.Componentes" Source="TBEWinServ.Componentes\WS_LBTRConsultasService.cs" Description="File successfully backed up as C:\Documents and Settings\cm53392\Desktop\LBTR 20111222\slnLBTRWebServices_PS2006\Backup\TBEWinServ.Componentes\WS_LBTRConsultasService.cs">
</Event><Event ErrorLevel="0" Project="TBEWinServ.Componentes" Source="TBEWinServ.Componentes\WS_LBTRTransferenciaService.cs" Description="File successfully backed up as C:\Documents and Settings\cm53392\Desktop\LBTR 20111222\slnLBTRWebServices_PS2006\Backup\TBEWinServ.Componentes\WS_LBTRTransferenciaService.cs">
</Event><Event ErrorLevel="0" Project="TBEWinServ.Componentes" Source="TBEWinServ.Componentes\WS_PasswordSafe.cs" Description="File successfully backed up as C:\Documents and Settings\cm53392\Desktop\LBTR 20111222\slnLBTRWebServices_PS2006\Backup\TBEWinServ.Componentes\WS_PasswordSafe.cs">
</Event><Event ErrorLevel="0" Project="TBEWinServ.Componentes" Source="TBEWinServ.Componentes\Properties\Settings.settings" Description="File successfully backed up as C:\Documents and Settings\cm53392\Desktop\LBTR 20111222\slnLBTRWebServices_PS2006\Backup\TBEWinServ.Componentes\Properties\Settings.settings">
</Event><Event ErrorLevel="0" Project="TBEWinServ.Componentes" Source="TBEWinServ.Componentes\Web References\LBTRAutenticacionService\LBTRAutenticacionService.wsdl" Description="File successfully backed up as C:\Documents and Settings\cm53392\Desktop\LBTR 20111222\slnLBTRWebServices_PS2006\Backup\TBEWinServ.Componentes\Web References\LBTRAutenticacionService\LBTRAutenticacionService.wsdl">
</Event><Event ErrorLevel="0" Project="TBEWinServ.Componentes" Source="TBEWinServ.Componentes\Web References\LBTRAutenticacionService\Reference.map" Description="File successfully backed up as C:\Documents and Settings\cm53392\Desktop\LBTR 20111222\slnLBTRWebServices_PS2006\Backup\TBEWinServ.Componentes\Web References\LBTRAutenticacionService\Reference.map">
</Event><Event ErrorLevel="0" Project="TBEWinServ.Componentes" Source="TBEWinServ.Componentes\Web References\LBTRAvisoOperacionesService\LBTRAvisoOperacionesService.wsdl" Description="File successfully backed up as C:\Documents and Settings\cm53392\Desktop\LBTR 20111222\slnLBTRWebServices_PS2006\Backup\TBEWinServ.Componentes\Web References\LBTRAvisoOperacionesService\LBTRAvisoOperacionesService.wsdl">
</Event><Event ErrorLevel="0" Project="TBEWinServ.Componentes" Source="TBEWinServ.Componentes\Web References\LBTRConsultasService\beanAgenteBolsa.datasource" Description="File successfully backed up as C:\Documents and Settings\cm53392\Desktop\LBTR 20111222\slnLBTRWebServices_PS2006\Backup\TBEWinServ.Componentes\Web References\LBTRConsultasService\beanAgenteBolsa.datasource">
</Event><Event ErrorLevel="0" Project="TBEWinServ.Componentes" Source="TBEWinServ.Componentes\Web References\LBTRConsultasService\beanCobroTarifa.datasource" Description="File successfully backed up as C:\Documents and Settings\cm53392\Desktop\LBTR 20111222\slnLBTRWebServices_PS2006\Backup\TBEWinServ.Componentes\Web References\LBTRConsultasService\beanCobroTarifa.datasource">
</Event><Event ErrorLevel="0" Project="TBEWinServ.Componentes" Source="TBEWinServ.Componentes\Web References\LBTRConsultasService\beanCompraVentaME.datasource" Description="File successfully backed up as C:\Documents and Settings\cm53392\Desktop\LBTR 20111222\slnLBTRWebServices_PS2006\Backup\TBEWinServ.Componentes\Web References\LBTRConsultasService\beanCompraVentaME.datasource">
</Event><Event ErrorLevel="0" Project="TBEWinServ.Componentes" Source="TBEWinServ.Componentes\Web References\LBTRConsultasService\beanConceptoLiquidacion.datasource" Description="File successfully backed up as C:\Documents and Settings\cm53392\Desktop\LBTR 20111222\slnLBTRWebServices_PS2006\Backup\TBEWinServ.Componentes\Web References\LBTRConsultasService\beanConceptoLiquidacion.datasource">
</Event><Event ErrorLevel="0" Project="TBEWinServ.Componentes" Source="TBEWinServ.Componentes\Web References\LBTRConsultasService\beanCuentaCorriente.datasource" Description="File successfully backed up as C:\Documents and Settings\cm53392\Desktop\LBTR 20111222\slnLBTRWebServices_PS2006\Backup\TBEWinServ.Componentes\Web References\LBTRConsultasService\beanCuentaCorriente.datasource">
</Event><Event ErrorLevel="0" Project="TBEWinServ.Componentes" Source="TBEWinServ.Componentes\Web References\LBTRConsultasService\beanEntidadFinanciera.datasource" Description="File successfully backed up as C:\Documents and Settings\cm53392\Desktop\LBTR 20111222\slnLBTRWebServices_PS2006\Backup\TBEWinServ.Componentes\Web References\LBTRConsultasService\beanEntidadFinanciera.datasource">
</Event><Event ErrorLevel="0" Project="TBEWinServ.Componentes" Source="TBEWinServ.Componentes\Web References\LBTRConsultasService\beanFacilidadInstitucion.datasource" Description="File successfully backed up as C:\Documents and Settings\cm53392\Desktop\LBTR 20111222\slnLBTRWebServices_PS2006\Backup\TBEWinServ.Componentes\Web References\LBTRConsultasService\beanFacilidadInstitucion.datasource">
</Event><Event ErrorLevel="0" Project="TBEWinServ.Componentes" Source="TBEWinServ.Componentes\Web References\LBTRConsultasService\beanMoneda.datasource" Description="File successfully backed up as C:\Documents and Settings\cm53392\Desktop\LBTR 20111222\slnLBTRWebServices_PS2006\Backup\TBEWinServ.Componentes\Web References\LBTRConsultasService\beanMoneda.datasource">
</Event><Event ErrorLevel="0" Project="TBEWinServ.Componentes" Source="TBEWinServ.Componentes\Web References\LBTRConsultasService\beanMovimientoCtaCte.datasource" Description="File successfully backed up as C:\Documents and Settings\cm53392\Desktop\LBTR 20111222\slnLBTRWebServices_PS2006\Backup\TBEWinServ.Componentes\Web References\LBTRConsultasService\beanMovimientoCtaCte.datasource">
</Event><Event ErrorLevel="0" Project="TBEWinServ.Componentes" Source="TBEWinServ.Componentes\Web References\LBTRConsultasService\beanOperacion.datasource" Description="File successfully backed up as C:\Documents and Settings\cm53392\Desktop\LBTR 20111222\slnLBTRWebServices_PS2006\Backup\TBEWinServ.Componentes\Web References\LBTRConsultasService\beanOperacion.datasource">
</Event><Event ErrorLevel="0" Project="TBEWinServ.Componentes" Source="TBEWinServ.Componentes\Web References\LBTRConsultasService\beanSaldoCtaCte.datasource" Description="File successfully backed up as C:\Documents and Settings\cm53392\Desktop\LBTR 20111222\slnLBTRWebServices_PS2006\Backup\TBEWinServ.Componentes\Web References\LBTRConsultasService\beanSaldoCtaCte.datasource">
</Event><Event ErrorLevel="0" Project="TBEWinServ.Componentes" Source="TBEWinServ.Componentes\Web References\LBTRConsultasService\beanTarifa.datasource" Description="File successfully backed up as C:\Documents and Settings\cm53392\Desktop\LBTR 20111222\slnLBTRWebServices_PS2006\Backup\TBEWinServ.Componentes\Web References\LBTRConsultasService\beanTarifa.datasource">
</Event><Event ErrorLevel="0" Project="TBEWinServ.Componentes" Source="TBEWinServ.Componentes\Web References\LBTRConsultasService\beanTipoCambio.datasource" Description="File successfully backed up as C:\Documents and Settings\cm53392\Desktop\LBTR 20111222\slnLBTRWebServices_PS2006\Backup\TBEWinServ.Componentes\Web References\LBTRConsultasService\beanTipoCambio.datasource">
</Event><Event ErrorLevel="0" Project="TBEWinServ.Componentes" Source="TBEWinServ.Componentes\Web References\LBTRConsultasService\LBTRConsultasService.wsdl" Description="File successfully backed up as C:\Documents and Settings\cm53392\Desktop\LBTR 20111222\slnLBTRWebServices_PS2006\Backup\TBEWinServ.Componentes\Web References\LBTRConsultasService\LBTRConsultasService.wsdl">
</Event><Event ErrorLevel="0" Project="TBEWinServ.Componentes" Source="TBEWinServ.Componentes\Web References\LBTRConsultasService\Reference.map" Description="File successfully backed up as C:\Documents and Settings\cm53392\Desktop\LBTR 20111222\slnLBTRWebServices_PS2006\Backup\TBEWinServ.Componentes\Web References\LBTRConsultasService\Reference.map">
</Event><Event ErrorLevel="0" Project="TBEWinServ.Componentes" Source="TBEWinServ.Componentes\Web References\LBTRTransferenciaService\LBTRTransferenciaService.wsdl" Description="File successfully backed up as C:\Documents and Settings\cm53392\Desktop\LBTR 20111222\slnLBTRWebServices_PS2006\Backup\TBEWinServ.Componentes\Web References\LBTRTransferenciaService\LBTRTransferenciaService.wsdl">
</Event><Event ErrorLevel="0" Project="TBEWinServ.Componentes" Source="TBEWinServ.Componentes\Web References\LBTRTransferenciaService\Reference.map" Description="File successfully backed up as C:\Documents and Settings\cm53392\Desktop\LBTR 20111222\slnLBTRWebServices_PS2006\Backup\TBEWinServ.Componentes\Web References\LBTRTransferenciaService\Reference.map">
</Event><Event ErrorLevel="0" Project="TBEWinServ.Componentes" Source="TBEWinServ.Componentes\Web References\LBTRTransferenciaService\respuestaLBTR.datasource" Description="File successfully backed up as C:\Documents and Settings\cm53392\Desktop\LBTR 20111222\slnLBTRWebServices_PS2006\Backup\TBEWinServ.Componentes\Web References\LBTRTransferenciaService\respuestaLBTR.datasource">
</Event><Event ErrorLevel="0" Project="TBEWinServ.Componentes" Source="TBEWinServ.Componentes\Web References\LBTRAnulacionesService\LBTRAnulacionesService.wsdl" Description="File successfully backed up as C:\Documents and Settings\cm53392\Desktop\LBTR 20111222\slnLBTRWebServices_PS2006\Backup\TBEWinServ.Componentes\Web References\LBTRAnulacionesService\LBTRAnulacionesService.wsdl">
</Event><Event ErrorLevel="0" Project="TBEWinServ.Componentes" Source="TBEWinServ.Componentes\Web References\LBTRAnulacionesService\Reference.map" Description="File successfully backed up as C:\Documents and Settings\cm53392\Desktop\LBTR 20111222\slnLBTRWebServices_PS2006\Backup\TBEWinServ.Componentes\Web References\LBTRAnulacionesService\Reference.map">
</Event><Event ErrorLevel="0" Project="TBEWinServ.Componentes" Source="TBEWinServ.Componentes\Web References\LBTRAnulacionesService\respuestaLBTR.datasource" Description="File successfully backed up as C:\Documents and Settings\cm53392\Desktop\LBTR 20111222\slnLBTRWebServices_PS2006\Backup\TBEWinServ.Componentes\Web References\LBTRAnulacionesService\respuestaLBTR.datasource">
</Event><Event ErrorLevel="0" Project="TBEWinServ.Componentes" Source="TBEWinServ.Componentes\Web References\LBTRAvisoOperacionesService\LBTRAvisoOperacionesService.disco" Description="File successfully backed up as C:\Documents and Settings\cm53392\Desktop\LBTR 20111222\slnLBTRWebServices_PS2006\Backup\TBEWinServ.Componentes\Web References\LBTRAvisoOperacionesService\LBTRAvisoOperacionesService.disco">
</Event><Event ErrorLevel="0" Project="TBEWinServ.Componentes" Source="TBEWinServ.Componentes\Web References\LBTRAvisoOperacionesService\Reference.map" Description="File successfully backed up as C:\Documents and Settings\cm53392\Desktop\LBTR 20111222\slnLBTRWebServices_PS2006\Backup\TBEWinServ.Componentes\Web References\LBTRAvisoOperacionesService\Reference.map">
</Event><Event ErrorLevel="0" Project="TBEWinServ.Componentes" Source="TBEWinServ.Componentes\Web References\PasswordSafeService\Reference.map" Description="File successfully backed up as C:\Documents and Settings\cm53392\Desktop\LBTR 20111222\slnLBTRWebServices_PS2006\Backup\TBEWinServ.Componentes\Web References\PasswordSafeService\Reference.map">
</Event><Event ErrorLevel="0" Project="TBEWinServ.Componentes" Source="TBEWinServ.Componentes\Web References\PasswordSafeService\WSAPR2006.wsdl" Description="File successfully backed up as C:\Documents and Settings\cm53392\Desktop\LBTR 20111222\slnLBTRWebServices_PS2006\Backup\TBEWinServ.Componentes\Web References\PasswordSafeService\WSAPR2006.wsdl">
</Event><Event ErrorLevel="0" Project="TBEWinServ.Componentes" Source="TBEWinServ.Componentes\TBEWinServ.Componentes.csproj" Description="Project converted successfully">
</Event><Event ErrorLevel="3" Project="TBEWinServ.Componentes" Source="TBEWinServ.Componentes\TBEWinServ.Componentes.csproj" Description="Converted">
</Event><Event ErrorLevel="0" Project="TBEWinServ.RemotingInterfaces" Source="TBEWinServ.RemotingInterfaces\TBEWinServ.RemotingInterfaces.csproj" Description="Project file successfully backed up as C:\Documents and Settings\cm53392\Desktop\LBTR 20111222\slnLBTRWebServices_PS2006\Backup\TBEWinServ.RemotingInterfaces\TBEWinServ.RemotingInterfaces.csproj">
</Event><Event ErrorLevel="0" Project="TBEWinServ.RemotingInterfaces" Source="TBEWinServ.RemotingInterfaces\IAuditoria.cs" Description="File successfully backed up as C:\Documents and Settings\cm53392\Desktop\LBTR 20111222\slnLBTRWebServices_PS2006\Backup\TBEWinServ.RemotingInterfaces\IAuditoria.cs">
</Event><Event ErrorLevel="0" Project="TBEWinServ.RemotingInterfaces" Source="TBEWinServ.RemotingInterfaces\IConsultasBCRP.cs" Description="File successfully backed up as C:\Documents and Settings\cm53392\Desktop\LBTR 20111222\slnLBTRWebServices_PS2006\Backup\TBEWinServ.RemotingInterfaces\IConsultasBCRP.cs">
</Event><Event ErrorLevel="0" Project="TBEWinServ.RemotingInterfaces" Source="TBEWinServ.RemotingInterfaces\ITransferencia.cs" Description="File successfully backed up as C:\Documents and Settings\cm53392\Desktop\LBTR 20111222\slnLBTRWebServices_PS2006\Backup\TBEWinServ.RemotingInterfaces\ITransferencia.cs">
</Event><Event ErrorLevel="0" Project="TBEWinServ.RemotingInterfaces" Source="TBEWinServ.RemotingInterfaces\Properties\AssemblyInfo.cs" Description="File successfully backed up as C:\Documents and Settings\cm53392\Desktop\LBTR 20111222\slnLBTRWebServices_PS2006\Backup\TBEWinServ.RemotingInterfaces\Properties\AssemblyInfo.cs">
</Event><Event ErrorLevel="0" Project="TBEWinServ.RemotingInterfaces" Source="TBEWinServ.RemotingInterfaces\ServiciosConocidos.cs" Description="File successfully backed up as C:\Documents and Settings\cm53392\Desktop\LBTR 20111222\slnLBTRWebServices_PS2006\Backup\TBEWinServ.RemotingInterfaces\ServiciosConocidos.cs">
</Event><Event ErrorLevel="0" Project="TBEWinServ.RemotingInterfaces" Source="TBEWinServ.RemotingInterfaces\TBEWinServ.RemotingInterfaces.csproj" Description="Project converted successfully">
</Event><Event ErrorLevel="3" Project="TBEWinServ.RemotingInterfaces" Source="TBEWinServ.RemotingInterfaces\TBEWinServ.RemotingInterfaces.csproj" Description="Converted">
</Event><Event ErrorLevel="0" Project="TBEWinServ.FachadaRemotingServidor" Source="TBEWinServ.FachadaRemotingServidor\TBEWinServ.FachadaRemotingServidor.csproj" Description="Project file successfully backed up as C:\Documents and Settings\cm53392\Desktop\LBTR 20111222\slnLBTRWebServices_PS2006\Backup\TBEWinServ.FachadaRemotingServidor\TBEWinServ.FachadaRemotingServidor.csproj">
</Event><Event ErrorLevel="0" Project="TBEWinServ.FachadaRemotingServidor" Source="TBEWinServ.FachadaRemotingServidor\Auditoria.cs" Description="File successfully backed up as C:\Documents and Settings\cm53392\Desktop\LBTR 20111222\slnLBTRWebServices_PS2006\Backup\TBEWinServ.FachadaRemotingServidor\Auditoria.cs">
</Event><Event ErrorLevel="0" Project="TBEWinServ.FachadaRemotingServidor" Source="TBEWinServ.FachadaRemotingServidor\ConsultasBCRP.cs" Description="File successfully backed up as C:\Documents and Settings\cm53392\Desktop\LBTR 20111222\slnLBTRWebServices_PS2006\Backup\TBEWinServ.FachadaRemotingServidor\ConsultasBCRP.cs">
</Event><Event ErrorLevel="0" Project="TBEWinServ.FachadaRemotingServidor" Source="TBEWinServ.FachadaRemotingServidor\Properties\AssemblyInfo.cs" Description="File successfully backed up as C:\Documents and Settings\cm53392\Desktop\LBTR 20111222\slnLBTRWebServices_PS2006\Backup\TBEWinServ.FachadaRemotingServidor\Properties\AssemblyInfo.cs">
</Event><Event ErrorLevel="0" Project="TBEWinServ.FachadaRemotingServidor" Source="TBEWinServ.FachadaRemotingServidor\ServicioRemoting.cs" Description="File successfully backed up as C:\Documents and Settings\cm53392\Desktop\LBTR 20111222\slnLBTRWebServices_PS2006\Backup\TBEWinServ.FachadaRemotingServidor\ServicioRemoting.cs">
</Event><Event ErrorLevel="0" Project="TBEWinServ.FachadaRemotingServidor" Source="TBEWinServ.FachadaRemotingServidor\Transferencia.cs" Description="File successfully backed up as C:\Documents and Settings\cm53392\Desktop\LBTR 20111222\slnLBTRWebServices_PS2006\Backup\TBEWinServ.FachadaRemotingServidor\Transferencia.cs">
</Event><Event ErrorLevel="0" Project="TBEWinServ.FachadaRemotingServidor" Source="TBEWinServ.FachadaRemotingServidor\TBEWinServ.FachadaRemotingServidor.csproj" Description="Project converted successfully">
</Event><Event ErrorLevel="3" Project="TBEWinServ.FachadaRemotingServidor" Source="TBEWinServ.FachadaRemotingServidor\TBEWinServ.FachadaRemotingServidor.csproj" Description="Converted">
</Event><Event ErrorLevel="0" Project="TBEWinServ.FachadaRemotingCliente" Source="TBEWinServ.FachadaRemotingCliente\TBEWinServ.FachadaRemotingCliente.csproj" Description="Project file successfully backed up as C:\Documents and Settings\cm53392\Desktop\LBTR 20111222\slnLBTRWebServices_PS2006\Backup\TBEWinServ.FachadaRemotingCliente\TBEWinServ.FachadaRemotingCliente.csproj">
</Event><Event ErrorLevel="0" Project="TBEWinServ.FachadaRemotingCliente" Source="TBEWinServ.FachadaRemotingCliente\TBEWinServ.FachadaRemotingCliente.csproj.user" Description="Project user file successfully backed up as C:\Documents and Settings\cm53392\Desktop\LBTR 20111222\slnLBTRWebServices_PS2006\Backup\TBEWinServ.FachadaRemotingCliente\TBEWinServ.FachadaRemotingCliente.csproj.user">
</Event><Event ErrorLevel="0" Project="TBEWinServ.FachadaRemotingCliente" Source="TBEWinServ.FachadaRemotingCliente\Auditoria.cs" Description="File successfully backed up as C:\Documents and Settings\cm53392\Desktop\LBTR 20111222\slnLBTRWebServices_PS2006\Backup\TBEWinServ.FachadaRemotingCliente\Auditoria.cs">
</Event><Event ErrorLevel="0" Project="TBEWinServ.FachadaRemotingCliente" Source="TBEWinServ.FachadaRemotingCliente\ConfiguracionCliente.cs" Description="File successfully backed up as C:\Documents and Settings\cm53392\Desktop\LBTR 20111222\slnLBTRWebServices_PS2006\Backup\TBEWinServ.FachadaRemotingCliente\ConfiguracionCliente.cs">
</Event><Event ErrorLevel="0" Project="TBEWinServ.FachadaRemotingCliente" Source="TBEWinServ.FachadaRemotingCliente\ConsultasBCRP.cs" Description="File successfully backed up as C:\Documents and Settings\cm53392\Desktop\LBTR 20111222\slnLBTRWebServices_PS2006\Backup\TBEWinServ.FachadaRemotingCliente\ConsultasBCRP.cs">
</Event><Event ErrorLevel="0" Project="TBEWinServ.FachadaRemotingCliente" Source="TBEWinServ.FachadaRemotingCliente\LogCliente.cs" Description="File successfully backed up as C:\Documents and Settings\cm53392\Desktop\LBTR 20111222\slnLBTRWebServices_PS2006\Backup\TBEWinServ.FachadaRemotingCliente\LogCliente.cs">
</Event><Event ErrorLevel="0" Project="TBEWinServ.FachadaRemotingCliente" Source="TBEWinServ.FachadaRemotingCliente\Properties\AssemblyInfo.cs" Description="File successfully backed up as C:\Documents and Settings\cm53392\Desktop\LBTR 20111222\slnLBTRWebServices_PS2006\Backup\TBEWinServ.FachadaRemotingCliente\Properties\AssemblyInfo.cs">
</Event><Event ErrorLevel="0" Project="TBEWinServ.FachadaRemotingCliente" Source="TBEWinServ.FachadaRemotingCliente\Transferencia.cs" Description="File successfully backed up as C:\Documents and Settings\cm53392\Desktop\LBTR 20111222\slnLBTRWebServices_PS2006\Backup\TBEWinServ.FachadaRemotingCliente\Transferencia.cs">
</Event><Event ErrorLevel="0" Project="TBEWinServ.FachadaRemotingCliente" Source="TBEWinServ.FachadaRemotingCliente\GenerarRES.bat" Description="File successfully backed up as C:\Documents and Settings\cm53392\Desktop\LBTR 20111222\slnLBTRWebServices_PS2006\Backup\TBEWinServ.FachadaRemotingCliente\GenerarRES.bat">
</Event><Event ErrorLevel="0" Project="TBEWinServ.FachadaRemotingCliente" Source="TBEWinServ.FachadaRemotingCliente\miapp.exe.manifest" Description="File successfully backed up as C:\Documents and Settings\cm53392\Desktop\LBTR 20111222\slnLBTRWebServices_PS2006\Backup\TBEWinServ.FachadaRemotingCliente\miapp.exe.manifest">
</Event><Event ErrorLevel="0" Project="TBEWinServ.FachadaRemotingCliente" Source="TBEWinServ.FachadaRemotingCliente\TBEWinServ.FachadaRemotingCliente.manifest" Description="File successfully backed up as C:\Documents and Settings\cm53392\Desktop\LBTR 20111222\slnLBTRWebServices_PS2006\Backup\TBEWinServ.FachadaRemotingCliente\TBEWinServ.FachadaRemotingCliente.manifest">
</Event><Event ErrorLevel="0" Project="TBEWinServ.FachadaRemotingCliente" Source="TBEWinServ.FachadaRemotingCliente\TBEWinServ.FachadaRemotingCliente.RES" Description="File successfully backed up as C:\Documents and Settings\cm53392\Desktop\LBTR 20111222\slnLBTRWebServices_PS2006\Backup\TBEWinServ.FachadaRemotingCliente\TBEWinServ.FachadaRemotingCliente.RES">
</Event><Event ErrorLevel="0" Project="TBEWinServ.FachadaRemotingCliente" Source="TBEWinServ.FachadaRemotingCliente\TBEWinServ.FachadaRemotingCliente.rc" Description="File successfully backed up as C:\Documents and Settings\cm53392\Desktop\LBTR 20111222\slnLBTRWebServices_PS2006\Backup\TBEWinServ.FachadaRemotingCliente\TBEWinServ.FachadaRemotingCliente.rc">
</Event><Event ErrorLevel="0" Project="TBEWinServ.FachadaRemotingCliente" Source="TBEWinServ.FachadaRemotingCliente\TBEWinServ.FachadaRemotingCliente.xml" Description="File successfully backed up as C:\Documents and Settings\cm53392\Desktop\LBTR 20111222\slnLBTRWebServices_PS2006\Backup\TBEWinServ.FachadaRemotingCliente\TBEWinServ.FachadaRemotingCliente.xml">
</Event><Event ErrorLevel="0" Project="TBEWinServ.FachadaRemotingCliente" Source="TBEWinServ.FachadaRemotingCliente\TBEWinServ.FachadaRemotingCliente.csproj" Description="Project converted successfully">
</Event><Event ErrorLevel="3" Project="TBEWinServ.FachadaRemotingCliente" Source="TBEWinServ.FachadaRemotingCliente\TBEWinServ.FachadaRemotingCliente.csproj" Description="Converted">
</Event><Event ErrorLevel="0" Project="TBEWinServ.LogicaNegocio" Source="TBEWinServ.LogicaNegocio\TBEWinServ.LogicaNegocio.csproj" Description="Project file successfully backed up as C:\Documents and Settings\cm53392\Desktop\LBTR 20111222\slnLBTRWebServices_PS2006\Backup\TBEWinServ.LogicaNegocio\TBEWinServ.LogicaNegocio.csproj">
</Event><Event ErrorLevel="0" Project="TBEWinServ.LogicaNegocio" Source="TBEWinServ.LogicaNegocio\BL_AdministradorServicio.cs" Description="File successfully backed up as C:\Documents and Settings\cm53392\Desktop\LBTR 20111222\slnLBTRWebServices_PS2006\Backup\TBEWinServ.LogicaNegocio\BL_AdministradorServicio.cs">
</Event><Event ErrorLevel="0" Project="TBEWinServ.LogicaNegocio" Source="TBEWinServ.LogicaNegocio\BL_Auditoria.cs" Description="File successfully backed up as C:\Documents and Settings\cm53392\Desktop\LBTR 20111222\slnLBTRWebServices_PS2006\Backup\TBEWinServ.LogicaNegocio\BL_Auditoria.cs">
</Event><Event ErrorLevel="0" Project="TBEWinServ.LogicaNegocio" Source="TBEWinServ.LogicaNegocio\BL_Autenticacion.cs" Description="File successfully backed up as C:\Documents and Settings\cm53392\Desktop\LBTR 20111222\slnLBTRWebServices_PS2006\Backup\TBEWinServ.LogicaNegocio\BL_Autenticacion.cs">
</Event><Event ErrorLevel="0" Project="TBEWinServ.LogicaNegocio" Source="TBEWinServ.LogicaNegocio\BL_ConectividadBD.cs" Description="File successfully backed up as C:\Documents and Settings\cm53392\Desktop\LBTR 20111222\slnLBTRWebServices_PS2006\Backup\TBEWinServ.LogicaNegocio\BL_ConectividadBD.cs">
</Event><Event ErrorLevel="0" Project="TBEWinServ.LogicaNegocio" Source="TBEWinServ.LogicaNegocio\BL_ConexionAlterna.cs" Description="File successfully backed up as C:\Documents and Settings\cm53392\Desktop\LBTR 20111222\slnLBTRWebServices_PS2006\Backup\TBEWinServ.LogicaNegocio\BL_ConexionAlterna.cs">
</Event><Event ErrorLevel="0" Project="TBEWinServ.LogicaNegocio" Source="TBEWinServ.LogicaNegocio\BL_ConfirmacionAbono.cs" Description="File successfully backed up as C:\Documents and Settings\cm53392\Desktop\LBTR 20111222\slnLBTRWebServices_PS2006\Backup\TBEWinServ.LogicaNegocio\BL_ConfirmacionAbono.cs">
</Event><Event ErrorLevel="0" Project="TBEWinServ.LogicaNegocio" Source="TBEWinServ.LogicaNegocio\BL_ConfirmacionBCosmos.cs" Description="File successfully backed up as C:\Documents and Settings\cm53392\Desktop\LBTR 20111222\slnLBTRWebServices_PS2006\Backup\TBEWinServ.LogicaNegocio\BL_ConfirmacionBCosmos.cs">
</Event><Event ErrorLevel="0" Project="TBEWinServ.LogicaNegocio" Source="TBEWinServ.LogicaNegocio\BL_ConsultasBCRP.cs" Description="File successfully backed up as C:\Documents and Settings\cm53392\Desktop\LBTR 20111222\slnLBTRWebServices_PS2006\Backup\TBEWinServ.LogicaNegocio\BL_ConsultasBCRP.cs">
</Event><Event ErrorLevel="0" Project="TBEWinServ.LogicaNegocio" Source="TBEWinServ.LogicaNegocio\BL_General.cs" Description="File successfully backed up as C:\Documents and Settings\cm53392\Desktop\LBTR 20111222\slnLBTRWebServices_PS2006\Backup\TBEWinServ.LogicaNegocio\BL_General.cs">
</Event><Event ErrorLevel="0" Project="TBEWinServ.LogicaNegocio" Source="TBEWinServ.LogicaNegocio\BL_OperacionesRecibidas.cs" Description="File successfully backed up as C:\Documents and Settings\cm53392\Desktop\LBTR 20111222\slnLBTRWebServices_PS2006\Backup\TBEWinServ.LogicaNegocio\BL_OperacionesRecibidas.cs">
</Event><Event ErrorLevel="0" Project="TBEWinServ.LogicaNegocio" Source="TBEWinServ.LogicaNegocio\BL_SeguridadMsj.cs" Description="File successfully backed up as C:\Documents and Settings\cm53392\Desktop\LBTR 20111222\slnLBTRWebServices_PS2006\Backup\TBEWinServ.LogicaNegocio\BL_SeguridadMsj.cs">
</Event><Event ErrorLevel="0" Project="TBEWinServ.LogicaNegocio" Source="TBEWinServ.LogicaNegocio\BL_Transaccion.cs" Description="File successfully backed up as C:\Documents and Settings\cm53392\Desktop\LBTR 20111222\slnLBTRWebServices_PS2006\Backup\TBEWinServ.LogicaNegocio\BL_Transaccion.cs">
</Event><Event ErrorLevel="0" Project="TBEWinServ.LogicaNegocio" Source="TBEWinServ.LogicaNegocio\BL_Transferencia.cs" Description="File successfully backed up as C:\Documents and Settings\cm53392\Desktop\LBTR 20111222\slnLBTRWebServices_PS2006\Backup\TBEWinServ.LogicaNegocio\BL_Transferencia.cs">
</Event><Event ErrorLevel="0" Project="TBEWinServ.LogicaNegocio" Source="TBEWinServ.LogicaNegocio\Properties\AssemblyInfo.cs" Description="File successfully backed up as C:\Documents and Settings\cm53392\Desktop\LBTR 20111222\slnLBTRWebServices_PS2006\Backup\TBEWinServ.LogicaNegocio\Properties\AssemblyInfo.cs">
</Event><Event ErrorLevel="0" Project="TBEWinServ.LogicaNegocio" Source="TBEWinServ.LogicaNegocio\TraceExtension.cs" Description="File successfully backed up as C:\Documents and Settings\cm53392\Desktop\LBTR 20111222\slnLBTRWebServices_PS2006\Backup\TBEWinServ.LogicaNegocio\TraceExtension.cs">
</Event><Event ErrorLevel="0" Project="TBEWinServ.LogicaNegocio" Source="TBEWinServ.LogicaNegocio\TBEWinServ.LogicaNegocio.csproj" Description="Project converted successfully">
</Event><Event ErrorLevel="3" Project="TBEWinServ.LogicaNegocio" Source="TBEWinServ.LogicaNegocio\TBEWinServ.LogicaNegocio.csproj" Description="Converted">
</Event><Event ErrorLevel="0" Project="TBEWinServ.AccesoDatos" Source="TBEWinServ.AccesoDatos\TBEWinServ.AccesoDatos.csproj" Description="Project file successfully backed up as C:\Documents and Settings\cm53392\Desktop\LBTR 20111222\slnLBTRWebServices_PS2006\Backup\TBEWinServ.AccesoDatos\TBEWinServ.AccesoDatos.csproj">
</Event><Event ErrorLevel="0" Project="TBEWinServ.AccesoDatos" Source="TBEWinServ.AccesoDatos\TBEWinServ.AccesoDatos.csproj.user" Description="Project user file successfully backed up as C:\Documents and Settings\cm53392\Desktop\LBTR 20111222\slnLBTRWebServices_PS2006\Backup\TBEWinServ.AccesoDatos\TBEWinServ.AccesoDatos.csproj.user">
</Event><Event ErrorLevel="0" Project="TBEWinServ.AccesoDatos" Source="TBEWinServ.AccesoDatos\DA_Auditoria.cs" Description="File successfully backed up as C:\Documents and Settings\cm53392\Desktop\LBTR 20111222\slnLBTRWebServices_PS2006\Backup\TBEWinServ.AccesoDatos\DA_Auditoria.cs">
</Event><Event ErrorLevel="0" Project="TBEWinServ.AccesoDatos" Source="TBEWinServ.AccesoDatos\DA_Base.cs" Description="File successfully backed up as C:\Documents and Settings\cm53392\Desktop\LBTR 20111222\slnLBTRWebServices_PS2006\Backup\TBEWinServ.AccesoDatos\DA_Base.cs">
</Event><Event ErrorLevel="0" Project="TBEWinServ.AccesoDatos" Source="TBEWinServ.AccesoDatos\DA_LBTR_Param.cs" Description="File successfully backed up as C:\Documents and Settings\cm53392\Desktop\LBTR 20111222\slnLBTRWebServices_PS2006\Backup\TBEWinServ.AccesoDatos\DA_LBTR_Param.cs">
</Event><Event ErrorLevel="0" Project="TBEWinServ.AccesoDatos" Source="TBEWinServ.AccesoDatos\DA_ConfirmacionAbono.cs" Description="File successfully backed up as C:\Documents and Settings\cm53392\Desktop\LBTR 20111222\slnLBTRWebServices_PS2006\Backup\TBEWinServ.AccesoDatos\DA_ConfirmacionAbono.cs">
</Event><Event ErrorLevel="0" Project="TBEWinServ.AccesoDatos" Source="TBEWinServ.AccesoDatos\DA_ConfirmacionBCosmos.cs" Description="File successfully backed up as C:\Documents and Settings\cm53392\Desktop\LBTR 20111222\slnLBTRWebServices_PS2006\Backup\TBEWinServ.AccesoDatos\DA_ConfirmacionBCosmos.cs">
</Event><Event ErrorLevel="0" Project="TBEWinServ.AccesoDatos" Source="TBEWinServ.AccesoDatos\DA_ConsultasBCRP.cs" Description="File successfully backed up as C:\Documents and Settings\cm53392\Desktop\LBTR 20111222\slnLBTRWebServices_PS2006\Backup\TBEWinServ.AccesoDatos\DA_ConsultasBCRP.cs">
</Event><Event ErrorLevel="0" Project="TBEWinServ.AccesoDatos" Source="TBEWinServ.AccesoDatos\DA_General.cs" Description="File successfully backed up as C:\Documents and Settings\cm53392\Desktop\LBTR 20111222\slnLBTRWebServices_PS2006\Backup\TBEWinServ.AccesoDatos\DA_General.cs">
</Event><Event ErrorLevel="0" Project="TBEWinServ.AccesoDatos" Source="TBEWinServ.AccesoDatos\DA_OperacionesRecibidas.cs" Description="File successfully backed up as C:\Documents and Settings\cm53392\Desktop\LBTR 20111222\slnLBTRWebServices_PS2006\Backup\TBEWinServ.AccesoDatos\DA_OperacionesRecibidas.cs">
</Event><Event ErrorLevel="0" Project="TBEWinServ.AccesoDatos" Source="TBEWinServ.AccesoDatos\DA_Transferencia.cs" Description="File successfully backed up as C:\Documents and Settings\cm53392\Desktop\LBTR 20111222\slnLBTRWebServices_PS2006\Backup\TBEWinServ.AccesoDatos\DA_Transferencia.cs">
</Event><Event ErrorLevel="0" Project="TBEWinServ.AccesoDatos" Source="TBEWinServ.AccesoDatos\DA_PruebaConectividad.cs" Description="File successfully backed up as C:\Documents and Settings\cm53392\Desktop\LBTR 20111222\slnLBTRWebServices_PS2006\Backup\TBEWinServ.AccesoDatos\DA_PruebaConectividad.cs">
</Event><Event ErrorLevel="0" Project="TBEWinServ.AccesoDatos" Source="TBEWinServ.AccesoDatos\DuracionConexion.cs" Description="File successfully backed up as C:\Documents and Settings\cm53392\Desktop\LBTR 20111222\slnLBTRWebServices_PS2006\Backup\TBEWinServ.AccesoDatos\DuracionConexion.cs">
</Event><Event ErrorLevel="0" Project="TBEWinServ.AccesoDatos" Source="TBEWinServ.AccesoDatos\Properties\AssemblyInfo.cs" Description="File successfully backed up as C:\Documents and Settings\cm53392\Desktop\LBTR 20111222\slnLBTRWebServices_PS2006\Backup\TBEWinServ.AccesoDatos\Properties\AssemblyInfo.cs">
</Event><Event ErrorLevel="0" Project="TBEWinServ.AccesoDatos" Source="TBEWinServ.AccesoDatos\TBEWinServ.AccesoDatos.csproj" Description="Project converted successfully">
</Event><Event ErrorLevel="3" Project="TBEWinServ.AccesoDatos" Source="TBEWinServ.AccesoDatos\TBEWinServ.AccesoDatos.csproj" Description="Converted">
</Event><Event ErrorLevel="0" Project="TBEWinServ.EntidadesNegocio" Source="TBEWinServ.EntidadesNegocio\TBEWinServ.EntidadesNegocio.csproj" Description="Project file successfully backed up as C:\Documents and Settings\cm53392\Desktop\LBTR 20111222\slnLBTRWebServices_PS2006\Backup\TBEWinServ.EntidadesNegocio\TBEWinServ.EntidadesNegocio.csproj">
</Event><Event ErrorLevel="0" Project="TBEWinServ.EntidadesNegocio" Source="TBEWinServ.EntidadesNegocio\TBEWinServ.EntidadesNegocio.csproj.user" Description="Project user file successfully backed up as C:\Documents and Settings\cm53392\Desktop\LBTR 20111222\slnLBTRWebServices_PS2006\Backup\TBEWinServ.EntidadesNegocio\TBEWinServ.EntidadesNegocio.csproj.user">
</Event><Event ErrorLevel="0" Project="TBEWinServ.EntidadesNegocio" Source="TBEWinServ.EntidadesNegocio\Auditoria\BE_Auditoria.cs" Description="File successfully backed up as C:\Documents and Settings\cm53392\Desktop\LBTR 20111222\slnLBTRWebServices_PS2006\Backup\TBEWinServ.EntidadesNegocio\Auditoria\BE_Auditoria.cs">
</Event><Event ErrorLevel="0" Project="TBEWinServ.EntidadesNegocio" Source="TBEWinServ.EntidadesNegocio\ConfirmacionAbono\BE_ConfirmacionAbono.cs" Description="File successfully backed up as C:\Documents and Settings\cm53392\Desktop\LBTR 20111222\slnLBTRWebServices_PS2006\Backup\TBEWinServ.EntidadesNegocio\ConfirmacionAbono\BE_ConfirmacionAbono.cs">
</Event><Event ErrorLevel="0" Project="TBEWinServ.EntidadesNegocio" Source="TBEWinServ.EntidadesNegocio\ConsultasBCRP\BE_ConsultaBCRP.cs" Description="File successfully backed up as C:\Documents and Settings\cm53392\Desktop\LBTR 20111222\slnLBTRWebServices_PS2006\Backup\TBEWinServ.EntidadesNegocio\ConsultasBCRP\BE_ConsultaBCRP.cs">
</Event><Event ErrorLevel="0" Project="TBEWinServ.EntidadesNegocio" Source="TBEWinServ.EntidadesNegocio\ConsultasBCRP\BE_SaldoCtaCte.cs" Description="File successfully backed up as C:\Documents and Settings\cm53392\Desktop\LBTR 20111222\slnLBTRWebServices_PS2006\Backup\TBEWinServ.EntidadesNegocio\ConsultasBCRP\BE_SaldoCtaCte.cs">
</Event><Event ErrorLevel="0" Project="TBEWinServ.EntidadesNegocio" Source="TBEWinServ.EntidadesNegocio\Generales\BE_ConfiguracionCliente.cs" Description="File successfully backed up as C:\Documents and Settings\cm53392\Desktop\LBTR 20111222\slnLBTRWebServices_PS2006\Backup\TBEWinServ.EntidadesNegocio\Generales\BE_ConfiguracionCliente.cs">
</Event><Event ErrorLevel="0" Project="TBEWinServ.EntidadesNegocio" Source="TBEWinServ.EntidadesNegocio\Generales\BE_DatosCliente.cs" Description="File successfully backed up as C:\Documents and Settings\cm53392\Desktop\LBTR 20111222\slnLBTRWebServices_PS2006\Backup\TBEWinServ.EntidadesNegocio\Generales\BE_DatosCliente.cs">
</Event><Event ErrorLevel="0" Project="TBEWinServ.EntidadesNegocio" Source="TBEWinServ.EntidadesNegocio\ConsultasBCRP\BE_OperacionConsulta.cs" Description="File successfully backed up as C:\Documents and Settings\cm53392\Desktop\LBTR 20111222\slnLBTRWebServices_PS2006\Backup\TBEWinServ.EntidadesNegocio\ConsultasBCRP\BE_OperacionConsulta.cs">
</Event><Event ErrorLevel="0" Project="TBEWinServ.EntidadesNegocio" Source="TBEWinServ.EntidadesNegocio\Generales\BE_ErrorApiSeguridad.cs" Description="File successfully backed up as C:\Documents and Settings\cm53392\Desktop\LBTR 20111222\slnLBTRWebServices_PS2006\Backup\TBEWinServ.EntidadesNegocio\Generales\BE_ErrorApiSeguridad.cs">
</Event><Event ErrorLevel="0" Project="TBEWinServ.EntidadesNegocio" Source="TBEWinServ.EntidadesNegocio\Generales\BE_FILE01.cs" Description="File successfully backed up as C:\Documents and Settings\cm53392\Desktop\LBTR 20111222\slnLBTRWebServices_PS2006\Backup\TBEWinServ.EntidadesNegocio\Generales\BE_FILE01.cs">
</Event><Event ErrorLevel="0" Project="TBEWinServ.EntidadesNegocio" Source="TBEWinServ.EntidadesNegocio\Generales\BE_LBTR_PARAM.cs" Description="File successfully backed up as C:\Documents and Settings\cm53392\Desktop\LBTR 20111222\slnLBTRWebServices_PS2006\Backup\TBEWinServ.EntidadesNegocio\Generales\BE_LBTR_PARAM.cs">
</Event><Event ErrorLevel="0" Project="TBEWinServ.EntidadesNegocio" Source="TBEWinServ.EntidadesNegocio\Generales\BE_Servicio.cs" Description="File successfully backed up as C:\Documents and Settings\cm53392\Desktop\LBTR 20111222\slnLBTRWebServices_PS2006\Backup\TBEWinServ.EntidadesNegocio\Generales\BE_Servicio.cs">
</Event><Event ErrorLevel="0" Project="TBEWinServ.EntidadesNegocio" Source="TBEWinServ.EntidadesNegocio\Generales\BE_Banco.cs" Description="File successfully backed up as C:\Documents and Settings\cm53392\Desktop\LBTR 20111222\slnLBTRWebServices_PS2006\Backup\TBEWinServ.EntidadesNegocio\Generales\BE_Banco.cs">
</Event><Event ErrorLevel="0" Project="TBEWinServ.EntidadesNegocio" Source="TBEWinServ.EntidadesNegocio\Generales\BE_Concepto.cs" Description="File successfully backed up as C:\Documents and Settings\cm53392\Desktop\LBTR 20111222\slnLBTRWebServices_PS2006\Backup\TBEWinServ.EntidadesNegocio\Generales\BE_Concepto.cs">
</Event><Event ErrorLevel="0" Project="TBEWinServ.EntidadesNegocio" Source="TBEWinServ.EntidadesNegocio\OperacionesRecibidas\BE_OperacionRecibida.cs" Description="File successfully backed up as C:\Documents and Settings\cm53392\Desktop\LBTR 20111222\slnLBTRWebServices_PS2006\Backup\TBEWinServ.EntidadesNegocio\OperacionesRecibidas\BE_OperacionRecibida.cs">
</Event><Event ErrorLevel="0" Project="TBEWinServ.EntidadesNegocio" Source="TBEWinServ.EntidadesNegocio\Properties\AssemblyInfo.cs" Description="File successfully backed up as C:\Documents and Settings\cm53392\Desktop\LBTR 20111222\slnLBTRWebServices_PS2006\Backup\TBEWinServ.EntidadesNegocio\Properties\AssemblyInfo.cs">
</Event><Event ErrorLevel="0" Project="TBEWinServ.EntidadesNegocio" Source="TBEWinServ.EntidadesNegocio\Transferencia\BE_Transferencia.cs" Description="File successfully backed up as C:\Documents and Settings\cm53392\Desktop\LBTR 20111222\slnLBTRWebServices_PS2006\Backup\TBEWinServ.EntidadesNegocio\Transferencia\BE_Transferencia.cs">
</Event><Event ErrorLevel="0" Project="TBEWinServ.EntidadesNegocio" Source="TBEWinServ.EntidadesNegocio\TBEWinServ.EntidadesNegocio.csproj" Description="Project converted successfully">
</Event><Event ErrorLevel="3" Project="TBEWinServ.EntidadesNegocio" Source="TBEWinServ.EntidadesNegocio\TBEWinServ.EntidadesNegocio.csproj" Description="Converted">
</Event><Event ErrorLevel="0" Project="TBEWinServ.ObjetosGlobales" Source="TBEWinServ.ObjetosGlobales\TBEWinServ.ObjetosGlobales.csproj" Description="Project file successfully backed up as C:\Documents and Settings\cm53392\Desktop\LBTR 20111222\slnLBTRWebServices_PS2006\Backup\TBEWinServ.ObjetosGlobales\TBEWinServ.ObjetosGlobales.csproj">
</Event><Event ErrorLevel="0" Project="TBEWinServ.ObjetosGlobales" Source="TBEWinServ.ObjetosGlobales\ObjetosGlobalesApp.cs" Description="File successfully backed up as C:\Documents and Settings\cm53392\Desktop\LBTR 20111222\slnLBTRWebServices_PS2006\Backup\TBEWinServ.ObjetosGlobales\ObjetosGlobalesApp.cs">
</Event><Event ErrorLevel="0" Project="TBEWinServ.ObjetosGlobales" Source="TBEWinServ.ObjetosGlobales\Properties\AssemblyInfo.cs" Description="File successfully backed up as C:\Documents and Settings\cm53392\Desktop\LBTR 20111222\slnLBTRWebServices_PS2006\Backup\TBEWinServ.ObjetosGlobales\Properties\AssemblyInfo.cs">
</Event><Event ErrorLevel="0" Project="TBEWinServ.ObjetosGlobales" Source="TBEWinServ.ObjetosGlobales\TBEWinServ.ObjetosGlobales.csproj" Description="Project converted successfully">
</Event><Event ErrorLevel="3" Project="TBEWinServ.ObjetosGlobales" Source="TBEWinServ.ObjetosGlobales\TBEWinServ.ObjetosGlobales.csproj" Description="Converted">
</Event><Event ErrorLevel="0" Project="" Source="slnTBEWinService.sln" Description="Solution converted successfully">
</Event><Event ErrorLevel="3" Project="" Source="slnTBEWinService.sln" Description="Converted">
</Event><Event ErrorLevel="0" Project="TBEWinServ.Utilitarios" Source="TBEWinServ.Utilitarios\TBEWinServ.Utilitarios.csproj" Description="Scan complete: Upgrade not required for project files.">
</Event><Event ErrorLevel="0" Project="TBEWinServ.Consola" Source="TBEWinServ.Consola\TBEWinServ.Consola.csproj" Description="Scan complete: Upgrade not required for project files.">
</Event><Event ErrorLevel="0" Project="TBEWinServ.Servicio" Source="TBEWinServ.Servicio\TBEWinServ.Servicio.csproj" Description="Scan complete: Upgrade not required for project files.">
</Event><Event ErrorLevel="0" Project="TBEWinServ.Componentes" Source="TBEWinServ.Componentes\TBEWinServ.Componentes.csproj" Description="Scan complete: Upgrade not required for project files.">
</Event><Event ErrorLevel="0" Project="TBEWinServ.RemotingInterfaces" Source="TBEWinServ.RemotingInterfaces\TBEWinServ.RemotingInterfaces.csproj" Description="Scan complete: Upgrade not required for project files.">
</Event><Event ErrorLevel="0" Project="TBEWinServ.FachadaRemotingServidor" Source="TBEWinServ.FachadaRemotingServidor\TBEWinServ.FachadaRemotingServidor.csproj" Description="Scan complete: Upgrade not required for project files.">
</Event><Event ErrorLevel="0" Project="TBEWinServ.FachadaRemotingCliente" Source="TBEWinServ.FachadaRemotingCliente\TBEWinServ.FachadaRemotingCliente.csproj" Description="Scan complete: Upgrade not required for project files.">
</Event><Event ErrorLevel="0" Project="TBEWinServ.LogicaNegocio" Source="TBEWinServ.LogicaNegocio\TBEWinServ.LogicaNegocio.csproj" Description="Scan complete: Upgrade not required for project files.">
</Event><Event ErrorLevel="0" Project="TBEWinServ.AccesoDatos" Source="TBEWinServ.AccesoDatos\TBEWinServ.AccesoDatos.csproj" Description="Scan complete: Upgrade not required for project files.">
</Event><Event ErrorLevel="0" Project="TBEWinServ.EntidadesNegocio" Source="TBEWinServ.EntidadesNegocio\TBEWinServ.EntidadesNegocio.csproj" Description="Scan complete: Upgrade not required for project files.">
</Event><Event ErrorLevel="0" Project="TBEWinServ.ObjetosGlobales" Source="TBEWinServ.ObjetosGlobales\TBEWinServ.ObjetosGlobales.csproj" Description="Scan complete: Upgrade not required for project files.">
</Event></UpgradeLog>