<?xml version="1.0" encoding="iso-8859-1" ?>
<Servicios>
	<Servicio Codigo="CONFABONO" Nombre="Confirmacion Abono Cliente" Habilitado="True"></Servicio>
	<Servicio Codigo="CONFBCOSMOS" Nombre="Confirmacion BCosmos" Habilitado="True"></Servicio>
  <Servicio Codigo="OPEREC" Nombre="Ope. Recibidas" Habilitado="True"></Servicio>
  <Servicio Codigo="OPERECCONTING" Nombre="Ope. Recibidas Contingencia" Habilitado="True"></Servicio>
  <Servicio Codigo="ENVIOBCOSMOS" Nombre="Envio de operaciones a BCosmos por MQ" Habilitado="True"></Servicio>
</Servicios>